name,address,phone,rating,review_count,timing,url,images,source_category
Nakade Multispeciality Hospital,"Zilla Parishad High School Road Hingoli Ho, Hingoli",Show Number,4.2,51,,https://www.justdial.com/Hingoli/Nakade-Multispeciality-Hospital-Opposite-Water-Tank-Hingoli-Ho/9999P2456-2456-171003143526-S8X5_BZDET?trkid=&term=&ncatid=10892680&area=&search=General%20Physician%20Doctors%20in%20Hingoli&mncatname=General%20Physician%20Doctors&ftterm=&abd_btn=&abd_heading=&bd=1&cat_b2b_flag=0&searchfrom=lst&thumbnail=,https://content.jdmagicbox.com/comp/hingoli/x5/9999p2456.2456.171003143526.s8x5/catalogue/nakade-multispeciality-hospital-hingoli-ho-hingoli-hospitals-bzjplowjpk-250.jpg?w=640&q=75 | https://content.jdmagicbox.com/comp/hingoli/x5/9999p2456.2456.171003143526.s8x5/catalogue/nakade-multispeciality-hospital-hingoli-vzh4fetbht-250.jpg?w=640&q=75,Doctors
Sant Namdev Multispeciality Hospital,"Talab Katta Road Hingoli HO, Hingoli",09972228988,3.9,20,,https://www.justdial.com/Hingoli/Sant-Namdev-Multispeciality-Hospital-Near-Ambika-Talkies-Hingoli-Ho/9999P2456-2456-210218184100-K1V5_BZDET?trkid=&term=&ncatid=10892680&area=&search=General%20Physician%20Doctors%20in%20Hingoli&mncatname=General%20Physician%20Doctors&ftterm=&abd_btn=&abd_heading=&bd=1&cat_b2b_flag=0&searchfrom=lst&thumbnail=,https://content.jdmagicbox.com/comp/hingoli/v5/9999p2456.2456.210218184100.k1v5/catalogue/-rgqz25fxqt-250.jpg?w=640&q=75 | https://content.jdmagicbox.com/comp/hingoli/v5/9999p2456.2456.210218184100.k1v5/catalogue/-ixy0i3w1ev-250.jpg?w=640&q=75 | https://akam.cdn.jdmagicbox.com/images/icontent/newwap/web2022/trust_2x.gif | https://akam.cdn.jdmagicbox.com/images/icontent/newwap/web2022/verified_2x.gif,Doctors
Satpute Multispeciality Hospital,"New Mondha Road New Mondha Road, Basmath",07383580950,4.8,10,,,https://content.jdmagicbox.com/comp/hingoli/i5/9999p2456.2456.210219211450.s1i5/catalogue/satpute-multispeciality-hospital-basmatnagar-basmath-general-physician-doctors-6k3jd6p7rf-250.jpg?w=640&q=75 | https://content.jdmagicbox.com/comp/hingoli/i5/9999p2456.2456.210219211450.s1i5/catalogue/satpute-multispeciality-hospital-basmatnagar-basmath-general-physician-doctors-pdk163s01b-250.jpg?w=640&q=75 | https://akam.cdn.jdmagicbox.com/images/icontent/newwap/web2022/verified_2x.gif,Doctors
Sankalp Hospital,"Beside Tehara Hospital Tapdiya Nagar, Hingoli",08105008489,5.0,17,,https://www.justdial.com/Hingoli/Sankalp-Hospital-Tapdiya-Nagar/9999P2456-2456-231019090135-M4A3_BZDET?trkid=&term=&ncatid=10892680&area=&search=General%20Physician%20Doctors%20in%20Hingoli&mncatname=General%20Physician%20Doctors&ftterm=&abd_btn=&abd_heading=&bd=1&cat_b2b_flag=0&searchfrom=lst&thumbnail=,https://content.jdmagicbox.com/comp/hingoli/a3/9999p2456.2456.231019090135.m4a3/catalogue/sankalp-hospital-tapdiya-nagar-hingoli-hospitals-4jk0g5bgvl-250.jpg?w=640&q=75 | https://content.jdmagicbox.com/comp/hingoli/a3/9999p2456.2456.231019090135.m4a3/catalogue/sankalp-hospital-tapdiya-nagar-hingoli-hospitals-swq3h7ohxs-250.jpg?w=640&q=75,Doctors
Shree Shivam Hospital and Critical Care Centre,"Narayan Nagar, Hingoli",07383268283,4.4,19,,https://www.justdial.com/Hingoli/Shree-Shivam-Hospital-and-Critical-Care-Centre-Narayan-Nagar-Narayan-Nagar/9999P2456-2456-211103142354-P9I2_BZDET?trkid=&term=&ncatid=10892680&area=&search=General%20Physician%20Doctors%20in%20Hingoli&mncatname=General%20Physician%20Doctors&ftterm=&abd_btn=&abd_heading=&bd=1&cat_b2b_flag=0&searchfrom=lst&thumbnail=,https://content.jdmagicbox.com/comp/hingoli/i2/9999p2456.2456.211103142354.p9i2/catalogue/shree-shivam-hospital-and-critical-care-centre-hingoli-general-physician-doctors-8ejli7f7as-250.jpg?w=640&q=75 | https://content.jdmagicbox.com/comp/hingoli/i2/9999p2456.2456.211103142354.p9i2/catalogue/shree-shivam-hospital-and-critical-care-centre-hingoli-general-physician-doctors-5iauaxig01-250.jpg?w=640&q=75 | https://akam.cdn.jdmagicbox.com/images/icontent/newwap/web2022/verified_2x.gif,Doctors
Snehal Hospital And Maternity Home,"Railway Station Road Hingoli Ho, Hingoli",Show Number,4.5,34,,https://www.justdial.com/Hingoli/Snehal-Hospital-And-Maternity-Home-Opposite-Old-Sp-Office-Hingoli-Ho/9999P2456-2456-181127165753-J6D7_BZDET?trkid=&term=&ncatid=10892680&area=&search=General%20Physician%20Doctors%20in%20Hingoli&mncatname=General%20Physician%20Doctors&ftterm=&abd_btn=&abd_heading=&bd=1&cat_b2b_flag=0&searchfrom=lst&thumbnail=,https://content.jdmagicbox.com/v2/comp/hingoli/d7/9999p2456.2456.181127165753.j6d7/catalogue/snehal-hospital-and-maternity-home-hingoli-h-o-hingoli-hospitals-jaoq3ycuzr-250.jpg?w=640&q=75 | https://content.jdmagicbox.com/comp/hingoli/d7/9999p2456.2456.181127165753.j6d7/catalogue/snehal-hospital-and-maternity-home-hingoli-h-o-hingoli-hospitals-46jxzr7jh3-250.jpg?w=640&q=75,Doctors
Aura Healthcare,"Brahmanivas 2 Noida Sector 110, Noida",09845436559,4.2,22,,,https://content.jdmagicbox.com/v2/comp/delhi/l2/011pxx11.xx11.250826180718.q4l2/catalogue/aura-healthcare-noida-sector-110-noida-physiotherapists-7089aivk72-250.jpg?w=640&q=75 | https://content.jdmagicbox.com/v2/comp/delhi/l2/011pxx11.xx11.250826180718.q4l2/catalogue/aura-healthcare-noida-sector-110-noida-physiotherapists-08rb7buhsu-250.jpg?w=640&q=75,Doctors
Muskan Hospital Surgical and Laser Center,"Akola Road Anand Nagar, Hingoli",Show Number,4.8,43,,https://www.justdial.com/Hingoli/Muskan-Hospital-Surgical-and-Laser-Center-Near-Nisarg-Water-Supplier-Oppo-Hanuman-Mandir-Anand-Nagar/9999P2456-2456-220727113455-Z2Q3_BZDET?trkid=&term=&ncatid=10892680&area=&search=General%20Physician%20Doctors%20in%20Hingoli&mncatname=General%20Physician%20Doctors&ftterm=&abd_btn=&abd_heading=&bd=1&cat_b2b_flag=0&searchfrom=lst&thumbnail=,https://content.jdmagicbox.com/comp/hingoli/q3/9999p2456.2456.220727113455.z2q3/catalogue/-nz0peye6yr-250.jpg?w=640&q=75 | https://content.jdmagicbox.com/comp/hingoli/q3/9999p2456.2456.220727113455.z2q3/catalogue/muskan-hospital-surgical-and-laser-center-anand-nagar-hingoli-general-physician-doctors-jpa9b1feos-250.jpg?w=640&q=75,Doctors
Kondewar Toshniwal Critical Care Hospital,"Akola Road Siddharth Nagar, Hingoli",Show Number,4.8,20,,https://www.justdial.com/Hingoli/Kondewar-Toshniwal-Critical-Care-Hospital-In-Front-Of-Peoples-Bank-Siddharth-Nagar/9999P2456-2456-210622150454-T7F9_BZDET?trkid=&term=&ncatid=10892680&area=&search=General%20Physician%20Doctors%20in%20Hingoli&mncatname=General%20Physician%20Doctors&ftterm=&abd_btn=&abd_heading=&bd=1&cat_b2b_flag=0&searchfrom=lst&thumbnail=,https://content.jdmagicbox.com/comp/hingoli/f9/9999p2456.2456.210622150454.t7f9/catalogue/kondewar-toshniwal-critical-care-hospital-hingoli-hingoli-cardiologists-vizey69k94-250.jpg?w=640&q=75 | https://content.jdmagicbox.com/comp/hingoli/f9/9999p2456.2456.210622150454.t7f9/catalogue/kondewar-toshniwal-critical-care-hospital-hingoli-hingoli-general-physician-doctors-grecg1lyma-250.jpg?w=640&q=75,Doctors
Chhatrapati Multispeciality Hospital,"Tapidiya Estate NTC Siddharth Nagar, Hingoli",,4.4,10,,https://www.justdial.com/Hingoli/Chhatrapati-Multispeciality-Hospital-Siddharth-Nagar/9999P2456-2456-210927142715-X3E2_BZDET?trkid=&term=&ncatid=10892680&area=&search=General%20Physician%20Doctors%20in%20Hingoli&mncatname=General%20Physician%20Doctors&ftterm=&abd_btn=&abd_heading=&bd=1&cat_b2b_flag=0&searchfrom=lst&thumbnail=,https://content.jdmagicbox.com/comp/hingoli/e2/9999p2456.2456.210927142715.x3e2/catalogue/-pcplng9om2-250.jpg?w=640&q=75 | https://content.jdmagicbox.com/v2/comp/hingoli/e2/9999p2456.2456.210927142715.x3e2/catalogue/chhatrapati-multispeciality-hospital-hingoli-thyroid-cancer-doctors-zqm226d7cj-250.jpg?w=640&q=75,Doctors
Spandan Hospital Icu,"Vasmat Road Main Road Parbhani Shivaji Nagar, Hingoli",Show Number,3.0,2,,https://www.justdial.com/Hingoli/Spandan-Hospital-Icu-Vishnu-Nagar-Parbhani-Shivaji-Nagar/9999P2456-2456-220719163443-S7A5_BZDET?trkid=&term=&ncatid=10892680&area=&search=General%20Physician%20Doctors%20in%20Hingoli&mncatname=General%20Physician%20Doctors&ftterm=&abd_btn=&abd_heading=&bd=1&cat_b2b_flag=0&searchfrom=lst&thumbnail=,https://content.jdmagicbox.com/comp/hingoli/a5/9999p2456.2456.220719163443.s7a5/catalogue/-3q2bowlygp-250.jpg?w=640&q=75 | https://content.jdmagicbox.com/comp/hingoli/a5/9999p2456.2456.220719163443.s7a5/catalogue/-1r2ugzl8vf-250.jpg?w=640&q=75,Doctors
Dr. Hedgewar Smruti Rugna Seva Mandals,"Parola, Hingoli",Show Number,4.1,155,,https://www.justdial.com/Hingoli/Dr-Hedgewar-Smruti-Rugna-Seva-Mandals-Parola/9999P2456-2456-111117162941-R1F5_BZDET?trkid=&term=&ncatid=10892680&area=&search=General%20Physician%20Doctors%20in%20Hingoli&mncatname=General%20Physician%20Doctors&ftterm=&abd_btn=&abd_heading=&bd=1&cat_b2b_flag=0&searchfrom=lst&thumbnail=,https://content.jdmagicbox.com/comp/hingoli/f5/9999p2456.2456.111117162941.r1f5/catalogue/dr-hedgewar-smruti-rugna-seva-mandals-hingoli-ho-hingoli-hospitals-r1f6y8-250.jpg?w=640&q=75 | https://content.jdmagicbox.com/comp/hingoli/f5/9999p2456.2456.111117162941.r1f5/catalogue/dr-hedgewar-smruti-rugna-seva-mandals-hingoli-ho-hingoli-hospitals-0pb7bvb28g-250.jpg?w=640&q=75,Doctors
Madhav Multispeciality Hospital,"Hingoli Akola Road Ramakrishna Nagar, Hingoli",Show Number,4.2,55,,https://www.justdial.com/Hingoli/Madhav-Multispeciality-Hospital-Near-Tehsil-Office-Ramakrishna-Nagar/9999P2456-2456-140401140922-L2K4_BZDET?trkid=&term=&ncatid=10892680&area=&search=General%20Physician%20Doctors%20in%20Hingoli&mncatname=General%20Physician%20Doctors&ftterm=&abd_btn=&abd_heading=&bd=1&cat_b2b_flag=0&searchfrom=lst&thumbnail=,https://content.jdmagicbox.com/comp/hingoli/k4/9999p2456.2456.140401140922.l2k4/catalogue/madhav-multispeciality-hospital-hingoli-ho-hingoli-multispeciality-hospitals-wd7yntmh8z-250.jpg?w=640&q=75 | https://content.jdmagicbox.com/comp/hingoli/k4/9999p2456.2456.140401140922.l2k4/catalogue/madhav-multispeciality-hospital-hingoli-ho-hingoli-multispeciality-hospitals-qn7ang9obq-250.jpg?w=640&q=75,Doctors
Shankarparvati Hospital Pankanergaon,"Shankarparvati Hospital Pankanergaon Pankanhergaon, Hingoli",,4.8,33,,https://www.justdial.com/Hingoli/Shankarparvati-Hospital-Pankanergaon-Pankanhergaon/9999P2456-2456-231024190202-K9S1_BZDET?trkid=&term=&ncatid=10892680&area=&search=General%20Physician%20Doctors%20in%20Hingoli&mncatname=General%20Physician%20Doctors&ftterm=&abd_btn=&abd_heading=&bd=1&cat_b2b_flag=0&searchfrom=lst&thumbnail=,https://images.jdmagicbox.com/comp/hingoli/s1/9999p2456.2456.231024190202.k9s1/catalogue/shankarparvati-hospital-pankanergaon-hingoli-general-physician-doctors-rmx369q5gl-250.jpg?w=640&q=75,Doctors
Lakshmi Lifecare Hospital,"Narayan Nagar, Hingoli",Show Number,4.7,32,,https://www.justdial.com/Hingoli/Lakshmi-Lifecare-Hospital-Near-Hdfc-Bank-Near-Water-Pank-Narayan-Nagar/9999P2456-2456-210406135224-A3S6_BZDET?trkid=&term=&ncatid=10892680&area=&search=General%20Physician%20Doctors%20in%20Hingoli&mncatname=General%20Physician%20Doctors&ftterm=&abd_btn=&abd_heading=&bd=1&cat_b2b_flag=0&searchfrom=lst&thumbnail=,https://content.jdmagicbox.com/comp/hingoli/s6/9999p2456.2456.210406135224.a3s6/catalogue/lakshmi-lifecare-hospital-post-office-road-hingoli-h-o-hingoli-hospitals-5acggyz9an-250.jpg?w=640&q=75 | https://content.jdmagicbox.com/comp/hingoli/s6/9999p2456.2456.210406135224.a3s6/catalogue/lakshmi-lifecare-hospital-narayan-nagar-hingoli-hospitals-pd3a9h6vu3-250.jpg?w=640&q=75,Doctors
Jagdamb Critical Care And Multispeciality Hospital,"Akola Bypass Road Andharwadi, Hingoli",Show Number,3.8,35,,https://www.justdial.com/Hingoli/Jagdamb-Critical-Care-And-Multispeciality-Hospital-Front-Of-Sk-Tyre-Andharwadi/9999P2456-2456-180912142936-R6C5_BZDET?trkid=&term=&ncatid=10892680&area=&search=General%20Physician%20Doctors%20in%20Hingoli&mncatname=General%20Physician%20Doctors&ftterm=&abd_btn=&abd_heading=&bd=1&cat_b2b_flag=0&searchfrom=lst&thumbnail=,https://content.jdmagicbox.com/v2/comp/hingoli/c5/9999p2456.2456.180912142936.r6c5/catalogue/jagdamb-critical-care-and-multispeciality-hospital-andharwadi-hingoli-multispeciality-hospitals-pdkju7vtpy-250.jpg?w=640&q=75 | https://content.jdmagicbox.com/v2/comp/hingoli/c5/9999p2456.2456.180912142936.r6c5/catalogue/jagdamb-critical-care-and-multispeciality-hospital-andharwadi-hingoli-multispeciality-hospitals-p9cexloeie-250.jpg?w=640&q=75,Doctors
Jiajau hospital,"Kothalaj Road Shivraj Nagar, Hingoli",Show Number,5.0,25,,https://www.justdial.com/Hingoli/Jiajau-hospital-Near-Pariwar-Mall-Shivraj-Nagar/9999P2456-2456-220901175217-J9J8_BZDET?trkid=&term=&ncatid=10892680&area=&search=General%20Physician%20Doctors%20in%20Hingoli&mncatname=General%20Physician%20Doctors&ftterm=&abd_btn=&abd_heading=&bd=1&cat_b2b_flag=0&searchfrom=lst&thumbnail=,https://content.jdmagicbox.com/comp/hingoli/j8/9999p2456.2456.220901175217.j9j8/catalogue/-x61m05a617-250.jpg?w=640&q=75 | https://content.jdmagicbox.com/comp/hingoli/j8/9999p2456.2456.220901175217.j9j8/catalogue/jiajau-hospital-hingoli-city-hingoli-integrative-medicine-physicians-uk6zucamd8-250.jpg?w=640&q=75,Doctors
Laxmi Hospital,"Laxmi Hospital Siddharth Nagar, Hingoli",Show Number,4.5,26,,https://www.justdial.com/Hingoli/Laxmi-Hospital-Infront-Of-S-P-Office-Siddharth-Nagar/9999P2456-2456-110702144716-A6Z6_BZDET?trkid=&term=&ncatid=10892680&area=&search=General%20Physician%20Doctors%20in%20Hingoli&mncatname=General%20Physician%20Doctors&ftterm=&abd_btn=&abd_heading=&bd=1&cat_b2b_flag=0&searchfrom=lst&thumbnail=,https://images.jdmagicbox.com/comp/def_content/hospitals/default-hospitals-16-250.jpg?w=640&q=75 | https://images.jdmagicbox.com/comp/def_content/doctors-and-specialists/image2-doctors-and-specialists-4-1ndrb.jpg,Doctors
Spandan Hospital,"Doctors Lane Kurunda, Basmath",Show Number,4.8,23,,,https://content.jdmagicbox.com/comp/hingoli/d5/9999p2456.2456.210223162123.a8d5/catalogue/-3tr0deusqz-250.jpg?w=640&q=75 | https://content.jdmagicbox.com/comp/hingoli/d5/9999p2456.2456.210223162123.a8d5/catalogue/spandan-hospital-basmat-basmath-hospitals-3v6f55xpw8-250.jpg?w=640&q=75,Doctors
Vivekanand Hospital & Critical Care,"Bahirji College Road Shivtirath Basmath, Basmath",Show Number,4.5,23,,,https://content.jdmagicbox.com/comp/hingoli/n5/9999p2456.2456.240104221047.c5n5/catalogue/vivekanand-hospital-and-critical-care-basmath-98h5kduy9v-250.jpg?w=640&q=75 | https://content.jdmagicbox.com/comp/hingoli/n5/9999p2456.2456.240104221047.c5n5/catalogue/vivekanand-hospital-and-critical-care-basmath-hdqlbt179y-250.jpg?w=640&q=75,Doctors
Toshniwal Hospital,"Akola Road Shastri Nagar, Hingoli",Show Number,4.5,23,,https://www.justdial.com/Hingoli/Toshniwal-Hospital-Shastri-Nagar/9999P2456-2456-110702154039-S6A9_BZDET?trkid=&term=&ncatid=10892680&area=&search=General%20Physician%20Doctors%20in%20Hingoli&mncatname=General%20Physician%20Doctors&ftterm=&abd_btn=&abd_heading=&bd=1&cat_b2b_flag=0&searchfrom=lst&thumbnail=,https://content.jdmagicbox.com/comp/hingoli/a9/9999p2456.2456.110702154039.s6a9/catalogue/toshniwal-hospital-shastri-nagar-hingoli-paediatricians-nfti6d778b-250.jpg?w=640&q=75 | https://content.jdmagicbox.com/v2/comp/hingoli/a9/9999p2456.2456.110702154039.s6a9/catalogue/toshniwal-hospital-shastri-nagar-hingoli-hospitals-yw3pw9qt8u-250.jpg?w=640&q=75 | https://images.jdmagicbox.com/comp/def_content/general_physician_doctors/default-general-physician-doctors-28.jpg,Doctors
Devkar Hospital,"Naryan Nagar Zp Road, Hingoli",Show Number,4.8,21,,https://www.justdial.com/Hingoli/Devkar-Hospital-Zp-Road/9999P2456-2456-221128152638-Q3A4_BZDET?trkid=&term=&ncatid=10892680&area=&search=General%20Physician%20Doctors%20in%20Hingoli&mncatname=General%20Physician%20Doctors&ftterm=&abd_btn=&abd_heading=&bd=1&cat_b2b_flag=0&searchfrom=lst&thumbnail=,https://content.jdmagicbox.com/comp/hingoli/a4/9999p2456.2456.221128152638.q3a4/catalogue/-6ulqir7u12-250.jpg?w=640&q=75 | https://content.jdmagicbox.com/comp/hingoli/a4/9999p2456.2456.221128152638.q3a4/catalogue/devkar-hospital-zp-road-hingoli-general-physician-doctors-u7q0xnao8y-250.jpg?w=640&q=75,Doctors
Javalekar,"Main Road Basamatnagar Kapad Lane, Basmath",Show Number,4.6,19,,,https://images.jdmagicbox.com/comp/basmath/d3/9999p2456.2456.140331005212.c9d3/catalogue/javalekar-basmathnagar-basmath-general-physician-doctors-pcrhj6jqca-250.jpg?w=640&q=75,Doctors
Dr. Dhumal Amol (Sai Krupa Hospital),"Javahar Road Main Road Hingoli Siddharth Nagar, Hingoli",Show Number,4.2,14,,https://www.justdial.com/Hingoli/Dr-Dhumal-Amol-Sai-Krupa-Hospital-Siddharth-Nagar/9999P2456-2456-150803170509-P3T7_BZDET?trkid=&term=&ncatid=10892680&area=&search=General%20Physician%20Doctors%20in%20Hingoli&mncatname=General%20Physician%20Doctors&ftterm=&abd_btn=&abd_heading=&bd=1&cat_b2b_flag=0&searchfrom=lst&thumbnail=,https://images.jdmagicbox.com/comp/def_content/general-physician-doctors/shutterstock-558234925-general-physician-doctors-45-izpk3-250.jpg?w=640&q=75,Doctors
Mauli Clinic,"Tq Sengaon Dist Hingoli Goregaon, Hingoli",Show Number,5.0,11,,https://www.justdial.com/Hingoli/Mauli-Clinic-Near-Kawarkhe-Hanuman-Mandir-Goregaon-Goregaon/9999P2456-2456-140621104446-K5I7_BZDET?trkid=&term=&ncatid=10892680&area=&search=General%20Physician%20Doctors%20in%20Hingoli&mncatname=General%20Physician%20Doctors&ftterm=&abd_btn=&abd_heading=&bd=1&cat_b2b_flag=0&searchfrom=lst&thumbnail=,https://images.jdmagicbox.com/comp/hingoli/i7/9999p2456.2456.140621104446.k5i7/catalogue/mauli-clinic-sengaon-hingoli-clinics-rovn7cnflt-250.jpg?w=640&q=75,Doctors
Patange Multispeciality Hospital&Prasuti V stree Rugnalay,"Nanded Road Bahirji Nagar, Basmath",Show Number,4.8,11,,,https://content.jdmagicbox.com/comp/hingoli/r7/9999p2456.2456.180331122031.y5r7/catalogue/patange-multispeciality-hospital-and-prasuti-v-stree-rugnalay-basmathnagar-hingoli-hospitals-ffayvdz97f-250.jpg?w=640&q=75 | https://content.jdmagicbox.com/comp/hingoli/r7/9999p2456.2456.180331122031.y5r7/catalogue/patange-multispeciality-hospital-and-prasuti-v-stree-rugnalay-basmathnagar-hingoli-hospitals-1yqnkquoc9-250.jpg?w=640&q=75,Doctors
Nakade Hospital,"Devda Nagar Siddharth Nagar Hingoli Mohalla Paltan, Hingoli",Show Number,3.7,14,,https://www.justdial.com/Hingoli/Nakade-Hospital-Mohalla-Paltan/9999P2456-2456-231222040227-B7L2_BZDET?trkid=&term=&ncatid=10892680&area=&search=General%20Physician%20Doctors%20in%20Hingoli&mncatname=General%20Physician%20Doctors&ftterm=&abd_btn=&abd_heading=&bd=1&cat_b2b_flag=0&searchfrom=lst&thumbnail=,https://content.jdmagicbox.com/v2/comp/hingoli/l2/9999p2456.2456.231222040227.b7l2/catalogue/nakade-hospital-mohalla-paltan-hingoli-general-physician-doctors-vWIWWpHy4p-250.jpg?w=640&q=75 | https://content.jdmagicbox.com/v2/comp/hingoli/l2/9999p2456.2456.231222040227.b7l2/catalogue/nakade-hospital-mohalla-paltan-hingoli-general-physician-doctors-4xq0hfkvtq-250.jpg?w=640&q=75,Doctors
Panchalinge Hospital,"Sahayog Nagar Kalamnuri Hingoli, Hingoli",Show Number,4.8,10,,https://www.justdial.com/Hingoli/Panchalinge-Hospital-Near-Ganesh-Mandir-Kalamnuri-Hingoli/9999P2456-2456-240104173446-K1N8_BZDET?trkid=&term=&ncatid=10892680&area=&search=General%20Physician%20Doctors%20in%20Hingoli&mncatname=General%20Physician%20Doctors&ftterm=&abd_btn=&abd_heading=&bd=1&cat_b2b_flag=0&searchfrom=lst&thumbnail=,https://content.jdmagicbox.com/comp/hingoli/n8/9999p2456.2456.240104173446.k1n8/catalogue/panchalinge-hospital-kalamnuri-hingoli-hingoli-general-physician-doctors-71via3umfr-250.jpg?w=640&q=75 | https://content.jdmagicbox.com/v2/comp/hingoli/n8/9999p2456.2456.240104173446.k1n8/catalogue/panchalinge-hospital-kalamnuri-hingoli-hingoli-general-physician-doctors-slena5sgdb-250.jpg?w=640&q=75,Doctors
Bhale Hospital,"Devda Nagar, Hingoli",Show Number,3.9,12,,https://www.justdial.com/Hingoli/Bhale-Hospital-Devda-Nagar/9999P2456-2456-140619151254-X2W8_BZDET?trkid=&term=&ncatid=10892680&area=&search=General%20Physician%20Doctors%20in%20Hingoli&mncatname=General%20Physician%20Doctors&ftterm=&abd_btn=&abd_heading=&bd=1&cat_b2b_flag=0&searchfrom=lst&thumbnail=,https://images.jdmagicbox.com/comp/def_content/paediatricians/default-paediatricians-2-250.jpg?w=640&q=75,Doctors
Nagre Hospital,"Akola Road Main Road Hingoli Siddharth Nagar, Hingoli",Show Number,4.1,11,,https://www.justdial.com/Hingoli/Nagre-Hospital-Shashtri-Nagar-Opposite-Jintur-Bank-Siddharth-Nagar/9999P2456-2456-130724175552-Y7F5_BZDET?trkid=&term=&ncatid=10892680&area=&search=General%20Physician%20Doctors%20in%20Hingoli&mncatname=General%20Physician%20Doctors&ftterm=&abd_btn=&abd_heading=&bd=1&cat_b2b_flag=0&searchfrom=lst&thumbnail=,https://images.jdmagicbox.com/comp/def_content/general_physician_doctors/default-general-physician-doctors-17-250.jpg?w=640&q=75,Doctors
SAI Krupa Hospital,"Javahar Road Main Road Hingoli Siddharth Nagar, Hingoli",Show Number,3.9,11,,https://www.justdial.com/Hingoli/SAI-Krupa-Hospital-Siddharth-Nagar/9999P2456-2456-110702143755-U9X6_BZDET?trkid=&term=&ncatid=10892680&area=&search=General%20Physician%20Doctors%20in%20Hingoli&mncatname=General%20Physician%20Doctors&ftterm=&abd_btn=&abd_heading=&bd=1&cat_b2b_flag=0&searchfrom=lst&thumbnail=,https://images.jdmagicbox.com/comp/def_content/general-physician-doctors/doctor-general-physician-doctors-43-lw58e-250.jpg?w=640&q=75 | https://images.jdmagicbox.com/comp/def_content/general-physician-doctors/shutterstock-558234925-general-physician-doctors-45-izpk3.jpg,Doctors
Care Hospital,"Police Quarter New Mondha Road, Basmath",Show Number,4.2,10,,,https://content.jdmagicbox.com/comp/hingoli/v3/9999p2456.2456.190726185117.p8v3/catalogue/care-hospital-hingoli-rpprfokbh5-250.jpg?w=640&q=75 | https://content.jdmagicbox.com/comp/hingoli/v3/9999p2456.2456.190726185117.p8v3/catalogue/care-hospital-hingoli-11fm0fqgae-250.jpg?w=640&q=75,Doctors
Dr. Deepak More,"Gandhi Chowk Siddharth Nagar, Hingoli",Show Number,5.0,8,,https://www.justdial.com/Hingoli/Dr-Deepak-More-Opposite-Rk-Fashions-Siddharth-Nagar/9999P2456-2456-140129133924-G9N8_BZDET?trkid=&term=&ncatid=10892680&area=&search=General%20Physician%20Doctors%20in%20Hingoli&mncatname=General%20Physician%20Doctors&ftterm=&abd_btn=&abd_heading=&bd=1&cat_b2b_flag=0&searchfrom=lst&thumbnail=,https://images.jdmagicbox.com/comp/def_content_category/general-physician-doctors/general-physician-doctors-general-physician-doctors-1-q6wja-250.jpg?w=640&q=75,Doctors
Astha Hospital,"Bangar Nagar, Hingoli",Show Number,4.8,8,,https://www.justdial.com/Hingoli/Astha-Hospital-Near-Vinod-Hitech-Kabra-Jining-Bangar-Nagar/9999P2456-2456-230430190130-N7U1_BZDET?trkid=&term=&ncatid=10892680&area=&search=General%20Physician%20Doctors%20in%20Hingoli&mncatname=General%20Physician%20Doctors&ftterm=&abd_btn=&abd_heading=&bd=1&cat_b2b_flag=0&searchfrom=lst&thumbnail=,https://content.jdmagicbox.com/comp/hingoli/r6/9999p2456.2456.180205131238.z4r6/catalogue/astha-hospital-hingoli-proctologist-doctors-130t7iltu4-250.jpg?w=640&q=75 | https://content.jdmagicbox.com/comp/hingoli/r6/9999p2456.2456.180205131238.z4r6/catalogue/astha-hospital-hingoli-proctologist-doctors-wqn6196mre-250.jpg?w=640&q=75,Doctors
Dr. Sudarshan Bhosale,"Shivneri Nagar Javla Khandarban Somwar Peth, Basmath",Show Number,4.4,8,,,https://images.jdmagicbox.com/comp/def_content/clinics/default-clinics-10-250.jpg?w=640&q=75,Doctors
Mahesh Hospital,"Akola Road Shastri Nagar, Hingoli",Show Number,3.8,9,,https://www.justdial.com/Hingoli/Mahesh-Hospital-Shastri-Nagar/9999P2456-2456-110702143215-B4Q1_BZDET?trkid=&term=&ncatid=10892680&area=&search=General%20Physician%20Doctors%20in%20Hingoli&mncatname=General%20Physician%20Doctors&ftterm=&abd_btn=&abd_heading=&bd=1&cat_b2b_flag=0&searchfrom=lst&thumbnail=,https://content.jdmagicbox.com/comp/def_content/general_physician_doctors/default-general-physician-doctors-9-250.jpg?w=640&q=75 | https://content.jdmagicbox.com/comp/def_content/hospitals/default-hospitals-8-250.jpg?w=640&q=75,Doctors
Dr. Sachin Bhiwaji Sanap (Anand Hospital),"Bazaar Road Sakhara, Hingoli",,4.6,6,,https://www.justdial.com/Hingoli/Dr-Sachin-Bhiwaji-Sanap-Anand-Hospital-Sakhara/9999P2456-2456-230720182625-Y9W5_BZDET?trkid=&term=&ncatid=10892680&area=&search=General%20Physician%20Doctors%20in%20Hingoli&mncatname=General%20Physician%20Doctors&ftterm=&abd_btn=&abd_heading=&bd=1&cat_b2b_flag=0&searchfrom=lst&thumbnail=,https://images.jdmagicbox.com/comp/def_content/general_physician_doctors/default-general-physician-doctors-38-250.jpg?w=640&q=75,Doctors
Dr. Toshniwal M S (Toshniwal Hospital),"Akola Road Siddharth Nagar, Hingoli",Show Number,4.3,6,,https://www.justdial.com/Hingoli/Dr-Toshniwal-M-S-Toshniwal-Hospital-Siddharth-Nagar/9999P2456-2456-150727192456-P5Z2_BZDET?trkid=&term=&ncatid=10892680&area=&search=General%20Physician%20Doctors%20in%20Hingoli&mncatname=General%20Physician%20Doctors&ftterm=&abd_btn=&abd_heading=&bd=1&cat_b2b_flag=0&searchfrom=lst&thumbnail=,https://images.jdmagicbox.com/comp/def_content/general_physician_doctors/default-general-physician-doctors-28-250.jpg?w=640&q=75,Doctors
Shree surgical hospital,"Tapdiya Nagar, Hingoli",Show Number,5.0,5,,https://www.justdial.com/Hingoli/Shree-surgical-hospital-Ntc-Tapdiya-State-Tapdiya-Nagar/9999P2456-2456-240229143358-A2Q8_BZDET?trkid=&term=&ncatid=10892680&area=&search=General%20Physician%20Doctors%20in%20Hingoli&mncatname=General%20Physician%20Doctors&ftterm=&abd_btn=&abd_heading=&bd=1&cat_b2b_flag=0&searchfrom=lst&thumbnail=,https://content.jdmagicbox.com/v2/comp/hingoli/q8/9999p2456.2456.240229143358.a2q8/catalogue/shree-surgical-hospital-hingoli-general-physician-doctors-3njjpwehof-250.jpg?w=640&q=75 | https://content.jdmagicbox.com/v2/comp/hingoli/q8/9999p2456.2456.240229143358.a2q8/catalogue/shree-surgical-hospital-hingoli-general-physician-doctors-5lewv29rrv-250.jpg?w=640&q=75,Doctors
Bhosle Homoeopathic Clinic,"Bank Colony Vishnu Nagar, Basmath",Show Number,4.8,5,,,https://content.jdmagicbox.com/comp/hingoli/m9/9999p2456.2456.211110130548.g7m9/catalogue/bhosle-homoeopathic-clinic-basmathnagar-basmath-homeopathic-doctors-for-low-back-pain-o39l1zro5h-250.jpg?w=640&q=75 | https://content.jdmagicbox.com/comp/hingoli/m9/9999p2456.2456.211110130548.g7m9/catalogue/bhosle-homoeopathic-clinic-basmathnagar-hingoli-homeopathic-doctors-k5v4d16ua3-250.jpg?w=640&q=75,Doctors
Saraf Hospital,"Main Road Hingoli Mangalwara, Hingoli",Show Number,3.9,6,,https://www.justdial.com/Hingoli/Saraf-Hospital-Near-Javahar-Lal-Road-Hingoli-Mangalwara/9999P2456-2456-140525151514-G6B4_BZDET?trkid=&term=&ncatid=10892680&area=&search=General%20Physician%20Doctors%20in%20Hingoli&mncatname=General%20Physician%20Doctors&ftterm=&abd_btn=&abd_heading=&bd=1&cat_b2b_flag=0&searchfrom=lst&thumbnail=,https://images.jdmagicbox.com/comp/def_content/headache-doctors/ovtmogubsw-headache-doctors-5-uhduv-250.jpg?w=640&q=75,Doctors
Dr. Ghatte Madhavi (Laxmi Hospital),"Laxmi Hospital Siddharth Nagar, Hingoli",Show Number,4.6,5,,https://www.justdial.com/Hingoli/Dr-Ghatte-Madhavi-Laxmi-Hospital-Siddharth-Nagar/9999P2456-2456-150727192456-B7V7_BZDET?trkid=&term=&ncatid=10892680&area=&search=General%20Physician%20Doctors%20in%20Hingoli&mncatname=General%20Physician%20Doctors&ftterm=&abd_btn=&abd_heading=&bd=1&cat_b2b_flag=0&searchfrom=lst&thumbnail=,https://images.jdmagicbox.com/comp/def_content/doctors-and-specialists/image2-doctors-and-specialists-4-1ndrb-250.jpg?w=640&q=75,Doctors
Dr. Agarwal Nitin,"Ambika Tokij Road Siddharth Nagar, Hingoli",Show Number,4.6,5,,https://www.justdial.com/Hingoli/Dr-Agarwal-Nitin-Siddharth-Nagar/9999P2456-2456-110702151837-V8H9_BZDET?trkid=&term=&ncatid=10892680&area=&search=General%20Physician%20Doctors%20in%20Hingoli&mncatname=General%20Physician%20Doctors&ftterm=&abd_btn=&abd_heading=&bd=1&cat_b2b_flag=0&searchfrom=lst&thumbnail=,https://images.jdmagicbox.com/comp/def_content_category/general-physician-doctors/general-physician-doctors-general-physician-doctors-1-q6wja-250.jpg?w=640&q=75,Doctors
Life Care Hospital,"Kothalaj Road Siddharth Nagar, Hingoli",Show Number,5.0,4,,https://www.justdial.com/Hingoli/Life-Care-Hospital-Near-Ntc-Corner-Siddharth-Nagar/9999P2456-2456-170916110602-H9F8_BZDET?trkid=&term=&ncatid=10892680&area=&search=General%20Physician%20Doctors%20in%20Hingoli&mncatname=General%20Physician%20Doctors&ftterm=&abd_btn=&abd_heading=&bd=1&cat_b2b_flag=0&searchfrom=lst&thumbnail=,https://content.jdmagicbox.com/comp/hingoli/f8/9999p2456.2456.170916110602.h9f8/catalogue/life-care-hospital-hingoli-gtshdnpmos-250.jpg?w=640&q=75 | https://content.jdmagicbox.com/comp/hingoli/f8/9999p2456.2456.170916110602.h9f8/catalogue/life-care-hospital-hingoli-ho-hingoli-general-physician-doctors-q01wd-250.jpg?w=640&q=75,Doctors
Nidan Imaging Center,"Javahar Road Siddharth Nagar, Hingoli",Show Number,5.0,4,,https://www.justdial.com/Hingoli/Nidan-Imaging-Center-Siddharth-Nagar/9999P2456-2456-110702165823-U8A4_BZDET?trkid=&term=&ncatid=10892680&area=&search=General%20Physician%20Doctors%20in%20Hingoli&mncatname=General%20Physician%20Doctors&ftterm=&abd_btn=&abd_heading=&bd=1&cat_b2b_flag=0&searchfrom=lst&thumbnail=,https://images.jdmagicbox.com/comp/def_content_category/paediatricians/paediatricians-paediatricians-1-zpnqi-250.jpg?w=640&q=75,Doctors
Dr. Bhansali Govind (Bhansali Hospital),"Hicourt Road Shivaji Nagar, Hingoli",Show Number,4.9,4,,https://www.justdial.com/Hingoli/Dr-Bhansali-Govind-Bhansali-Hospital-Bhansali-Hospital-Complex-Shivaji-Nagar/9999P2456-2456-150727192456-Y7T6_BZDET?trkid=&term=&ncatid=10892680&area=&search=General%20Physician%20Doctors%20in%20Hingoli&mncatname=General%20Physician%20Doctors&ftterm=&abd_btn=&abd_heading=&bd=1&cat_b2b_flag=0&searchfrom=lst&thumbnail=,https://content.jdmagicbox.com/comp/hingoli/t6/9999p2456.2456.150727192456.y7t6/catalogue/dr-bhansali-govind-bhansali-hospital--hingoli-0utfyojone.jpeg?w=640&q=75 | https://content.jdmagicbox.com/comp/hingoli/t6/9999p2456.2456.150727192456.y7t6/catalogue/dr-bhansali-govind-bhansali-hospital--hingoli-0qza9ugqto-250.jpg?w=640&q=75,Doctors
Dr. Vijayprakash Tambhale (Narayana Hospital),"Narayana Hospital Kurunda, Basmath",Show Number,4.8,4,,,https://images.jdmagicbox.com/comp/def_content/headache-doctors/80zaodeui4-headache-doctors-2-tpqvo-250.jpg?w=640&q=75,Doctors
Varad Clinic Sirsam Bk,"Pusad Road Sirsam, Hingoli",Show Number,3.6,5,,https://www.justdial.com/Hingoli/Varad-Clinic-Sirsam-Bk-Sirsam/9999P2456-2456-250330054503-N3R1_BZDET?trkid=&term=&ncatid=10892680&area=&search=General%20Physician%20Doctors%20in%20Hingoli&mncatname=General%20Physician%20Doctors&ftterm=&abd_btn=&abd_heading=&bd=1&cat_b2b_flag=0&searchfrom=lst&thumbnail=,https://images.jdmagicbox.com/comp/def_content/general_physician_doctors/default-general-physician-doctors-38-250.jpg?w=640&q=75,Doctors
Sai Hospital,"Mandir Road Aundha Nagnath, Hingoli",Show Number,4.5,4,,https://www.justdial.com/Hingoli/Sai-Hospital-Parbhani-Road-Aundha-Nagnath/9999P2456-2456-180407160538-A9W3_BZDET?trkid=&term=&ncatid=10892680&area=&search=General%20Physician%20Doctors%20in%20Hingoli&mncatname=General%20Physician%20Doctors&ftterm=&abd_btn=&abd_heading=&bd=1&cat_b2b_flag=0&searchfrom=lst&thumbnail=,https://content.jdmagicbox.com/comp/hingoli/w3/9999p2456.2456.180407160538.a9w3/catalogue/sai-hospital-aundha-nagnath-hingoli-hospitals-42xyctm0mg-250.jpg?w=640&q=75 | https://content.jdmagicbox.com/comp/hingoli/w3/9999p2456.2456.180407160538.a9w3/catalogue/sai-hospital-aundha-nagnath-hingoli-hospitals-cquu7buyag-250.jpg?w=640&q=75,Doctors
Natural Clinic,"Shop No 1 Pension Pura, Hingoli",Show Number,4.5,4,,https://www.justdial.com/Hingoli/Natural-Clinic-Near-Masjid-E-Meraj-Pension-Pura/9999P2456-2456-230918115523-A8B9_BZDET?trkid=&term=&ncatid=10892680&area=&search=General%20Physician%20Doctors%20in%20Hingoli&mncatname=General%20Physician%20Doctors&ftterm=&abd_btn=&abd_heading=&bd=1&cat_b2b_flag=0&searchfrom=lst&thumbnail=,https://content.jdmagicbox.com/v2/comp/hingoli/b9/9999p2456.2456.230918115523.a8b9/catalogue/natural-clinic-pension-pura-hingoli-general-physician-doctors-jo99hve54p-250.jpg?w=640&q=75 | https://content.jdmagicbox.com/comp/service_catalogue/general-physician-doctors-attr-chemotherapy-of-haematological-malignancies-gen3058-3-250.jpg?w=640&q=75 | https://content.jdmagicbox.com/comp/hingoli/g3/9999p2456.2456.180124184953.q7g3/catalogue/natural-clinic-hingoli-c7vox-250.jpg?w=640&q=75 | https://content.jdmagicbox.com/comp/hingoli/g3/9999p2456.2456.180124184953.q7g3/catalogue/natural-clinic-hingoli-2adu3-250.jpg?w=640&q=75,Doctors
Natural Clinic,"Kothalaj Road Azam Colony, Hingoli",Show Number,4.5,4,,https://www.justdial.com/Hingoli/Natural-Clinic-Near-Bagwan-Function-Hall-Azam-Colony/9999P2456-2456-180124184953-Q7G3_BZDET?trkid=&term=&ncatid=10892680&area=&search=General%20Physician%20Doctors%20in%20Hingoli&mncatname=General%20Physician%20Doctors&ftterm=&abd_btn=&abd_heading=&bd=1&cat_b2b_flag=0&searchfrom=lst&thumbnail=,https://content.jdmagicbox.com/comp/hingoli/g3/9999p2456.2456.180124184953.q7g3/catalogue/natural-clinic-hingoli-c7vox-250.jpg?w=640&q=75 | https://content.jdmagicbox.com/comp/hingoli/g3/9999p2456.2456.180124184953.q7g3/catalogue/natural-clinic-hingoli-2adu3-250.jpg?w=640&q=75 | https://content.jdmagicbox.com/v2/comp/hingoli/b9/9999p2456.2456.230918115523.a8b9/catalogue/natural-clinic-pension-pura-hingoli-general-physician-doctors-jo99hve54p-250.jpg?w=640&q=75,Doctors
Ashtavinayak Balrugnalay Sengaon,"Goregaon, Hingoli",Show Number,4.5,4,,https://www.justdial.com/Hingoli/Ashtavinayak-Balrugnalay-Sengaon-Goregaon/9999P2456-2456-240505044527-X8R3_BZDET?trkid=&term=&ncatid=10892680&area=&search=General%20Physician%20Doctors%20in%20Hingoli&mncatname=General%20Physician%20Doctors&ftterm=&abd_btn=&abd_heading=&bd=1&cat_b2b_flag=0&searchfrom=lst&thumbnail=,https://content.jdmagicbox.com/v2/comp/hingoli/r3/9999p2456.2456.240505044527.x8r3/catalogue/ashtavinayak-balrugnalay-sengaon-hingoli-general-physician-doctors-9rg0lst245-250.jpg?w=640&q=75 | https://content.jdmagicbox.com/v2/comp/hingoli/r3/9999p2456.2456.240505044527.x8r3/catalogue/ashtavinayak-balrugnalay-sengaon-hingoli-general-physician-doctors-yts6h2k1l6-250.jpg?w=640&q=75,Doctors
Dr.Nausheen Siddiqui,"Ground FloorGalaxy Plaza Nagar Athawadi Bazar Kurunda, Basmath",,4.5,4,,,https://images.jdmagicbox.com/comp/def_content/headache-doctors/cgjtkfvkju-headache-doctors-3-9kraz-250.jpg?w=640&q=75,Doctors
Sindhi Clinic,"Shop No Mama Chok Kurunda, Basmath",Show Number,4.5,4,,,https://content.jdmagicbox.com/v2/comp/basmath/u6/9999p2456.2456.240531174958.y4u6/catalogue/sindhi-clinic-basmat-basmath-general-physician-doctors-it03w9h8nt-250.jpg?w=640&q=75 | https://content.jdmagicbox.com/comp/service_catalogue/general-physician-doctors-attr-pediatric-treatment-den3672-5-250.jpg?w=640&q=75,Doctors
Bhansali Clinic,"Nagar Parishad Road Siddharth Nagar, Hingoli",Show Number,3.8,4,,https://www.justdial.com/Hingoli/Bhansali-Clinic-Near-New-Modha-Siddharth-Nagar/9999P2456-2456-110702180824-U6Y4_BZDET?trkid=&term=&ncatid=10892680&area=&search=General%20Physician%20Doctors%20in%20Hingoli&mncatname=General%20Physician%20Doctors&ftterm=&abd_btn=&abd_heading=&bd=1&cat_b2b_flag=0&searchfrom=lst&thumbnail=,https://content.jdmagicbox.com/comp/def_content/general_physician_doctors/default-general-physician-doctors-5-250.jpg?w=640&q=75 | https://content.jdmagicbox.com/comp/def_content/dermatologists/default-dermatologists-16-250.jpg?w=640&q=75,Doctors
Mahurkar Hospital,"NTC Road Tapdiya Nagar, Hingoli",Show Number,5.0,3,,https://www.justdial.com/Hingoli/Mahurkar-Hospital-Near-Bus-Stand-Tapdiya-Nagar/9999P2456-2456-140619154209-N2H2_BZDET?trkid=&term=&ncatid=10892680&area=&search=General%20Physician%20Doctors%20in%20Hingoli&mncatname=General%20Physician%20Doctors&ftterm=&abd_btn=&abd_heading=&bd=1&cat_b2b_flag=0&searchfrom=lst&thumbnail=,https://content.jdmagicbox.com/v2/comp/hingoli/h2/9999p2456.2456.140619154209.n2h2/catalogue/mahurkar-hospital-hingoli-ho-hingoli-hospitals-amgl7z57g4-250.jpg?w=640&q=75 | https://content.jdmagicbox.com/v2/comp/hingoli/h2/9999p2456.2456.140619154209.n2h2/catalogue/mahurkar-hospital-hingoli-ho-hingoli-hospitals-akp47l747d-250.jpg?w=640&q=75,Doctors
Kaveri Hospital,"Main Road Aundha Nagnath, Hingoli",Show Number,5.0,3,,https://www.justdial.com/Hingoli/Kaveri-Hospital-Aundha-Nagnath/9999P2456-2456-240329061819-A8G2_BZDET?trkid=&term=&ncatid=10892680&area=&search=General%20Physician%20Doctors%20in%20Hingoli&mncatname=General%20Physician%20Doctors&ftterm=&abd_btn=&abd_heading=&bd=1&cat_b2b_flag=0&searchfrom=lst&thumbnail=,https://content.jdmagicbox.com/v2/comp/hingoli/g2/9999p2456.2456.240329061819.a8g2/catalogue/kaveri-hospital-aundha-nagnath-hingoli-general-physician-doctors-34e7pxr2ty-250.jpg?w=640&q=75 | https://content.jdmagicbox.com/v2/comp/hingoli/g2/9999p2456.2456.240329061819.a8g2/catalogue/kaveri-hospital-aundha-nagnath-hingoli-general-physician-doctors-38a09v6zr6-250.jpg?w=640&q=75,Doctors
Dr. B S Agrawal,"Aundha Nagnath, Hingoli",Show Number,4.8,3,,https://www.justdial.com/Hingoli/Dr-B-S-Agrawal-Aundha-Nagnath/9999P2456-2456-140621120700-I2V5_BZDET?trkid=&term=&ncatid=10892680&area=&search=General%20Physician%20Doctors%20in%20Hingoli&mncatname=General%20Physician%20Doctors&ftterm=&abd_btn=&abd_heading=&bd=1&cat_b2b_flag=0&searchfrom=lst&thumbnail=,https://images.jdmagicbox.com/comp/def_content_category/general-physician-doctors/general-physician-doctors-general-physician-doctors-1-q6wja-250.jpg?w=640&q=75,Doctors
Gite Hospital,"Nagnath Road Sengaon Hingoli, Hingoli",Show Number,4.3,3,,https://www.justdial.com/Hingoli/Gite-Hospital-Sengaon-Hingoli/9999P2456-2456-161128192556-Y4L3_BZDET?trkid=&term=&ncatid=10892680&area=&search=General%20Physician%20Doctors%20in%20Hingoli&mncatname=General%20Physician%20Doctors&ftterm=&abd_btn=&abd_heading=&bd=1&cat_b2b_flag=0&searchfrom=lst&thumbnail=,https://images.jdmagicbox.com/comp/def_content/paediatricians/default-paediatricians-3-250.jpg?w=640&q=75,Doctors
Karale,"Kurunda, Basmath",Show Number,4.3,3,,,https://images.jdmagicbox.com/comp/def_content/general-physician-doctors/shutterstock-88689430-general-physician-doctors-44-y0o15-250.jpg?w=640&q=75,Doctors
